Tokyo 2020 Mascots MIRAITOWA and DOMEITY have finally Debut,2018-07-22 00:00,media/thumb.jpg,The mascots of the Olympic and Paralympic Games Tokyo 2020 greeted the Japanese public for the first time at their naming ceremony on 22 July 2018.
Tokyo 2020 Announces Outline of Olympic Games Ticket Prices,2018-07-22 00:01,media/thumb.jpg,The Tokyo Organising Committee of the Olympic and Pralympic DGmes (Toky)o 2020o today annouced an outline of ticket prices for the Olympic Games Tokyo 2020.
Tokyo 2020 Unveils Action-Packed Olympic Competition Schedule,2018-07-22 00:02,media/thumb.jpg,The International Olympic Committee (IOC) Executive Board today approved the competition schedule by session for the olympic Games Tokyo 2020.
Tokyo 2020 Mascots Debut Event on 22 July!,2018-07-22 00:03,media/thumb.jpg,It’s been six months since the Japanese children chosen the Tokyo 2020 Mascots but we still don’t know how to call them.
Tokyo 2020 Mascots MIRAITOWA and DOMEITY have finally Debut,2018-07-22 00:04,media/thumb.jpg,The mascots of the Olympic and Paralympic Games Tokyo 2020 greeted the Japanese public for the first time at their naming ceremony on 22 July 2018.
Tokyo 2020 Announces Outline of Olympic Games Ticket Prices,2018-07-22 00:05,media/thumb.jpg,The Tokyo Organising Committee of the Olympic and Pralympic DGmes (Toky)o 2020o today annouced an outline of ticket prices for the Olympic Games Tokyo 2020.
Tokyo 2020 Unveils Action-Packed Olympic Competition Schedule,2018-07-22 00:06,media/thumb.jpg,The International Olympic Committee (IOC) Executive Board today approved the competition schedule by session for the olympic Games Tokyo 2020.
Tokyo 2020 Mascots Debut Event on 22 July!,2018-07-22 00:07,media/thumb.jpg,It’s been six months since the Japanese children chosen the Tokyo 2020 Mascots but we still don’t know how to call them.
Tokyo 2020 Mascots MIRAITOWA and DOMEITY have finally Debut,2018-07-22 00:08,media/thumb.jpg,The mascots of the Olympic and Paralympic Games Tokyo 2020 greeted the Japanese public for the first time at their naming ceremony on 22 July 2018.
Tokyo 2020 Announces Outline of Olympic Games Ticket Prices,2018-07-22 00:09,media/thumb.jpg,The Tokyo Organising Committee of the Olympic and Pralympic DGmes (Toky)o 2020o today annouced an outline of ticket prices for the Olympic Games Tokyo 2020.
Tokyo 2020 Unveils Action-Packed Olympic Competition Schedule,2018-07-22 00:10,media/thumb.jpg,The International Olympic Committee (IOC) Executive Board today approved the competition schedule by session for the olympic Games Tokyo 2020.
Tokyo 2020 Mascots Debut Event on 22 July!,2018-07-22 00:11,media/thumb.jpg,It’s been six months since the Japanese children chosen the Tokyo 2020 Mascots but we still don’t know how to call them.
Tokyo 2020 Mascots MIRAITOWA and DOMEITY have finally Debut,2018-07-22 00:12,media/thumb.jpg,The mascots of the Olympic and Paralympic Games Tokyo 2020 greeted the Japanese public for the first time at their naming ceremony on 22 July 2018.
Tokyo 2020 Announces Outline of Olympic Games Ticket Prices,2018-07-22 00:13,media/thumb.jpg,The Tokyo Organising Committee of the Olympic and Pralympic DGmes (Toky)o 2020o today annouced an outline of ticket prices for the Olympic Games Tokyo 2020.
Tokyo 2020 Unveils Action-Packed Olympic Competition Schedule,2018-07-22 00:14,media/thumb.jpg,The International Olympic Committee (IOC) Executive Board today approved the competition schedule by session for the olympic Games Tokyo 2020.
Tokyo 2020 Mascots Debut Event on 22 July!,2018-07-22 00:15,media/thumb.jpg,It’s been six months since the Japanese children chosen the Tokyo 2020 Mascots but we still don’t know how to call them.
Tokyo 2020 Mascots MIRAITOWA and DOMEITY have finally Debut,2018-07-22 00:16,media/thumb.jpg,The mascots of the Olympic and Paralympic Games Tokyo 2020 greeted the Japanese public for the first time at their naming ceremony on 22 July 2018.
Tokyo 2020 Announces Outline of Olympic Games Ticket Prices,2018-07-22 00:17,media/thumb.jpg,The Tokyo Organising Committee of the Olympic and Pralympic DGmes (Toky)o 2020o today annouced an outline of ticket prices for the Olympic Games Tokyo 2020.
Tokyo 2020 Unveils Action-Packed Olympic Competition Schedule,2018-07-22 00:18,media/thumb.jpg,The International Olympic Committee (IOC) Executive Board today approved the competition schedule by session for the olympic Games Tokyo 2020.
Tokyo 2020 Mascots Debut Event on 22 July!,2018-07-22 00:19,media/thumb.jpg,It’s been six months since the Japanese children chosen the Tokyo 2020 Mascots but we still don’t know how to call them.
Tokyo 2020 Mascots MIRAITOWA and DOMEITY have finally Debut,2018-07-22 00:20,media/thumb.jpg,The mascots of the Olympic and Paralympic Games Tokyo 2020 greeted the Japanese public for the first time at their naming ceremony on 22 July 2018.
Tokyo 2020 Announces Outline of Olympic Games Ticket Prices,2018-07-22 00:21,media/thumb.jpg,The Tokyo Organising Committee of the Olympic and Pralympic DGmes (Toky)o 2020o today annouced an outline of ticket prices for the Olympic Games Tokyo 2020.
Tokyo 2020 Unveils Action-Packed Olympic Competition Schedule,2018-07-22 00:22,media/thumb.jpg,The International Olympic Committee (IOC) Executive Board today approved the competition schedule by session for the olympic Games Tokyo 2020.
Tokyo 2020 Mascots Debut Event on 22 July!,2018-07-22 00:23,media/thumb.jpg,It’s been six months since the Japanese children chosen the Tokyo 2020 Mascots but we still don’t know how to call them.
Tokyo 2020 Mascots MIRAITOWA and DOMEITY have finally Debut,2018-07-22 00:24,media/thumb.jpg,The mascots of the Olympic and Paralympic Games Tokyo 2020 greeted the Japanese public for the first time at their naming ceremony on 22 July 2018.
Tokyo 2020 Announces Outline of Olympic Games Ticket Prices,2018-07-22 00:25,media/thumb.jpg,The Tokyo Organising Committee of the Olympic and Pralympic DGmes (Toky)o 2020o today annouced an outline of ticket prices for the Olympic Games Tokyo 2020.
Tokyo 2020 Unveils Action-Packed Olympic Competition Schedule,2018-07-22 00:26,media/thumb.jpg,The International Olympic Committee (IOC) Executive Board today approved the competition schedule by session for the olympic Games Tokyo 2020.
Tokyo 2020 Mascots Debut Event on 22 July!,2018-07-22 00:27,media/thumb.jpg,It’s been six months since the Japanese children chosen the Tokyo 2020 Mascots but we still don’t know how to call them.
Tokyo 2020 Mascots MIRAITOWA and DOMEITY have finally Debut,2018-07-22 00:28,media/thumb.jpg,The mascots of the Olympic and Paralympic Games Tokyo 2020 greeted the Japanese public for the first time at their naming ceremony on 22 July 2018.
Tokyo 2020 Announces Outline of Olympic Games Ticket Prices,2018-07-22 00:29,media/thumb.jpg,The Tokyo Organising Committee of the Olympic and Pralympic DGmes (Toky)o 2020o today annouced an outline of ticket prices for the Olympic Games Tokyo 2020.
Tokyo 2020 Unveils Action-Packed Olympic Competition Schedule,2018-07-22 00:30,media/thumb.jpg,The International Olympic Committee (IOC) Executive Board today approved the competition schedule by session for the olympic Games Tokyo 2020.
Tokyo 2020 Mascots Debut Event on 22 July!,2018-07-22 00:31,media/thumb.jpg,It’s been six months since the Japanese children chosen the Tokyo 2020 Mascots but we still don’t know how to call them.
Tokyo 2020 Mascots MIRAITOWA and DOMEITY have finally Debut,2018-07-22 00:32,media/thumb.jpg,The mascots of the Olympic and Paralympic Games Tokyo 2020 greeted the Japanese public for the first time at their naming ceremony on 22 July 2018.
Tokyo 2020 Announces Outline of Olympic Games Ticket Prices,2018-07-22 00:33,media/thumb.jpg,The Tokyo Organising Committee of the Olympic and Pralympic DGmes (Toky)o 2020o today annouced an outline of ticket prices for the Olympic Games Tokyo 2020.
Tokyo 2020 Unveils Action-Packed Olympic Competition Schedule,2018-07-22 00:34,media/thumb.jpg,The International Olympic Committee (IOC) Executive Board today approved the competition schedule by session for the olympic Games Tokyo 2020.
Tokyo 2020 Mascots Debut Event on 22 July!,2018-07-22 00:35,media/thumb.jpg,It’s been six months since the Japanese children chosen the Tokyo 2020 Mascots but we still don’t know how to call them.
Tokyo 2020 Mascots MIRAITOWA and DOMEITY have finally Debut,2018-07-22 00:36,media/thumb.jpg,The mascots of the Olympic and Paralympic Games Tokyo 2020 greeted the Japanese public for the first time at their naming ceremony on 22 July 2018.
Tokyo 2020 Announces Outline of Olympic Games Ticket Prices,2018-07-22 00:37,media/thumb.jpg,The Tokyo Organising Committee of the Olympic and Pralympic DGmes (Toky)o 2020o today annouced an outline of ticket prices for the Olympic Games Tokyo 2020.
Tokyo 2020 Unveils Action-Packed Olympic Competition Schedule,2018-07-22 00:38,media/thumb.jpg,The International Olympic Committee (IOC) Executive Board today approved the competition schedule by session for the olympic Games Tokyo 2020.
Tokyo 2020 Mascots Debut Event on 22 July!,2018-07-22 00:39,media/thumb.jpg,It’s been six months since the Japanese children chosen the Tokyo 2020 Mascots but we still don’t know how to call them.
Tokyo 2020 Mascots MIRAITOWA and DOMEITY have finally Debut,2018-07-22 00:40,media/thumb.jpg,The mascots of the Olympic and Paralympic Games Tokyo 2020 greeted the Japanese public for the first time at their naming ceremony on 22 July 2018.
Tokyo 2020 Announces Outline of Olympic Games Ticket Prices,2018-07-22 00:41,media/thumb.jpg,The Tokyo Organising Committee of the Olympic and Pralympic DGmes (Toky)o 2020o today annouced an outline of ticket prices for the Olympic Games Tokyo 2020.
Tokyo 2020 Unveils Action-Packed Olympic Competition Schedule,2018-07-22 00:42,media/thumb.jpg,The International Olympic Committee (IOC) Executive Board today approved the competition schedule by session for the olympic Games Tokyo 2020.
Tokyo 2020 Mascots Debut Event on 22 July!,2018-07-22 00:43,media/thumb.jpg,It’s been six months since the Japanese children chosen the Tokyo 2020 Mascots but we still don’t know how to call them.
Tokyo 2020 Mascots MIRAITOWA and DOMEITY have finally Debut,2018-07-22 00:44,media/thumb.jpg,The mascots of the Olympic and Paralympic Games Tokyo 2020 greeted the Japanese public for the first time at their naming ceremony on 22 July 2018.
Tokyo 2020 Announces Outline of Olympic Games Ticket Prices,2018-07-22 00:45,media/thumb.jpg,The Tokyo Organising Committee of the Olympic and Pralympic DGmes (Toky)o 2020o today annouced an outline of ticket prices for the Olympic Games Tokyo 2020.
Tokyo 2020 Unveils Action-Packed Olympic Competition Schedule,2018-07-22 00:46,media/thumb.jpg,The International Olympic Committee (IOC) Executive Board today approved the competition schedule by session for the olympic Games Tokyo 2020.
Tokyo 2020 Mascots Debut Event on 22 July!,2018-07-22 00:47,media/thumb.jpg,It’s been six months since the Japanese children chosen the Tokyo 2020 Mascots but we still don’t know how to call them.
Tokyo 2020 Mascots MIRAITOWA and DOMEITY have finally Debut,2018-07-22 00:48,media/thumb.jpg,The mascots of the Olympic and Paralympic Games Tokyo 2020 greeted the Japanese public for the first time at their naming ceremony on 22 July 2018.
Tokyo 2020 Announces Outline of Olympic Games Ticket Prices,2018-07-22 00:49,media/thumb.jpg,The Tokyo Organising Committee of the Olympic and Pralympic DGmes (Toky)o 2020o today annouced an outline of ticket prices for the Olympic Games Tokyo 2020.
Tokyo 2020 Unveils Action-Packed Olympic Competition Schedule,2018-07-22 00:50,media/thumb.jpg,The International Olympic Committee (IOC) Executive Board today approved the competition schedule by session for the olympic Games Tokyo 2020.
Tokyo 2020 Mascots Debut Event on 22 July!,2018-07-22 00:51,media/thumb.jpg,It’s been six months since the Japanese children chosen the Tokyo 2020 Mascots but we still don’t know how to call them.
Tokyo 2020 Mascots MIRAITOWA and DOMEITY have finally Debut,2018-07-22 00:52,media/thumb.jpg,The mascots of the Olympic and Paralympic Games Tokyo 2020 greeted the Japanese public for the first time at their naming ceremony on 22 July 2018.
Tokyo 2020 Announces Outline of Olympic Games Ticket Prices,2018-07-22 00:53,media/thumb.jpg,The Tokyo Organising Committee of the Olympic and Pralympic DGmes (Toky)o 2020o today annouced an outline of ticket prices for the Olympic Games Tokyo 2020.
Tokyo 2020 Unveils Action-Packed Olympic Competition Schedule,2018-07-22 00:54,media/thumb.jpg,The International Olympic Committee (IOC) Executive Board today approved the competition schedule by session for the olympic Games Tokyo 2020.
Tokyo 2020 Mascots Debut Event on 22 July!,2018-07-22 00:55,media/thumb.jpg,It’s been six months since the Japanese children chosen the Tokyo 2020 Mascots but we still don’t know how to call them.
Tokyo 2020 Mascots MIRAITOWA and DOMEITY have finally Debut,2018-07-22 00:56,media/thumb.jpg,The mascots of the Olympic and Paralympic Games Tokyo 2020 greeted the Japanese public for the first time at their naming ceremony on 22 July 2018.
Tokyo 2020 Announces Outline of Olympic Games Ticket Prices,2018-07-22 00:57,media/thumb.jpg,The Tokyo Organising Committee of the Olympic and Pralympic DGmes (Toky)o 2020o today annouced an outline of ticket prices for the Olympic Games Tokyo 2020.
Tokyo 2020 Unveils Action-Packed Olympic Competition Schedule,2018-07-22 00:58,media/thumb.jpg,The International Olympic Committee (IOC) Executive Board today approved the competition schedule by session for the olympic Games Tokyo 2020.
Tokyo 2020 Mascots Debut Event on 22 July!,2018-07-22 00:59,media/thumb.jpg,It’s been six months since the Japanese children chosen the Tokyo 2020 Mascots but we still don’t know how to call them.
Tokyo 2020 Mascots MIRAITOWA and DOMEITY have finally Debut,2018-07-23 00:00,media/thumb.jpg,The mascots of the Olympic and Paralympic Games Tokyo 2020 greeted the Japanese public for the first time at their naming ceremony on 22 July 2018.
Tokyo 2020 Announces Outline of Olympic Games Ticket Prices,2018-07-23 00:01,media/thumb.jpg,The Tokyo Organising Committee of the Olympic and Pralympic DGmes (Toky)o 2020o today annouced an outline of ticket prices for the Olympic Games Tokyo 2020.
Tokyo 2020 Unveils Action-Packed Olympic Competition Schedule,2018-07-23 00:02,media/thumb.jpg,The International Olympic Committee (IOC) Executive Board today approved the competition schedule by session for the olympic Games Tokyo 2020.
Tokyo 2020 Mascots Debut Event on 22 July!,2018-07-23 00:03,media/thumb.jpg,It’s been six months since the Japanese children chosen the Tokyo 2020 Mascots but we still don’t know how to call them.
Tokyo 2020 Mascots MIRAITOWA and DOMEITY have finally Debut,2018-07-23 00:04,media/thumb.jpg,The mascots of the Olympic and Paralympic Games Tokyo 2020 greeted the Japanese public for the first time at their naming ceremony on 22 July 2018.
Tokyo 2020 Announces Outline of Olympic Games Ticket Prices,2018-07-23 00:05,media/thumb.jpg,The Tokyo Organising Committee of the Olympic and Pralympic DGmes (Toky)o 2020o today annouced an outline of ticket prices for the Olympic Games Tokyo 2020.
Tokyo 2020 Unveils Action-Packed Olympic Competition Schedule,2018-07-23 00:06,media/thumb.jpg,The International Olympic Committee (IOC) Executive Board today approved the competition schedule by session for the olympic Games Tokyo 2020.
Tokyo 2020 Mascots Debut Event on 22 July!,2018-07-23 00:07,media/thumb.jpg,It’s been six months since the Japanese children chosen the Tokyo 2020 Mascots but we still don’t know how to call them.
Tokyo 2020 Mascots MIRAITOWA and DOMEITY have finally Debut,2018-07-23 00:08,media/thumb.jpg,The mascots of the Olympic and Paralympic Games Tokyo 2020 greeted the Japanese public for the first time at their naming ceremony on 22 July 2018.
Tokyo 2020 Announces Outline of Olympic Games Ticket Prices,2018-07-23 00:09,media/thumb.jpg,The Tokyo Organising Committee of the Olympic and Pralympic DGmes (Toky)o 2020o today annouced an outline of ticket prices for the Olympic Games Tokyo 2020.
Tokyo 2020 Unveils Action-Packed Olympic Competition Schedule,2018-07-23 00:10,media/thumb.jpg,The International Olympic Committee (IOC) Executive Board today approved the competition schedule by session for the olympic Games Tokyo 2020.
Tokyo 2020 Mascots Debut Event on 22 July!,2018-07-23 00:11,media/thumb.jpg,It’s been six months since the Japanese children chosen the Tokyo 2020 Mascots but we still don’t know how to call them.
Tokyo 2020 Mascots MIRAITOWA and DOMEITY have finally Debut,2018-07-23 00:12,media/thumb.jpg,The mascots of the Olympic and Paralympic Games Tokyo 2020 greeted the Japanese public for the first time at their naming ceremony on 22 July 2018.
Tokyo 2020 Announces Outline of Olympic Games Ticket Prices,2018-07-23 00:13,media/thumb.jpg,The Tokyo Organising Committee of the Olympic and Pralympic DGmes (Toky)o 2020o today annouced an outline of ticket prices for the Olympic Games Tokyo 2020.
Tokyo 2020 Unveils Action-Packed Olympic Competition Schedule,2018-07-23 00:14,media/thumb.jpg,The International Olympic Committee (IOC) Executive Board today approved the competition schedule by session for the olympic Games Tokyo 2020.
Tokyo 2020 Mascots Debut Event on 22 July!,2018-07-23 00:15,media/thumb.jpg,It’s been six months since the Japanese children chosen the Tokyo 2020 Mascots but we still don’t know how to call them.
Tokyo 2020 Mascots MIRAITOWA and DOMEITY have finally Debut,2018-07-23 00:16,media/thumb.jpg,The mascots of the Olympic and Paralympic Games Tokyo 2020 greeted the Japanese public for the first time at their naming ceremony on 22 July 2018.
Tokyo 2020 Announces Outline of Olympic Games Ticket Prices,2018-07-23 00:17,media/thumb.jpg,The Tokyo Organising Committee of the Olympic and Pralympic DGmes (Toky)o 2020o today annouced an outline of ticket prices for the Olympic Games Tokyo 2020.
Tokyo 2020 Unveils Action-Packed Olympic Competition Schedule,2018-07-23 00:18,media/thumb.jpg,The International Olympic Committee (IOC) Executive Board today approved the competition schedule by session for the olympic Games Tokyo 2020.
Tokyo 2020 Mascots Debut Event on 22 July!,2018-07-23 00:19,media/thumb.jpg,It’s been six months since the Japanese children chosen the Tokyo 2020 Mascots but we still don’t know how to call them.
Tokyo 2020 Mascots MIRAITOWA and DOMEITY have finally Debut,2018-07-23 00:20,media/thumb.jpg,The mascots of the Olympic and Paralympic Games Tokyo 2020 greeted the Japanese public for the first time at their naming ceremony on 22 July 2018.
Tokyo 2020 Announces Outline of Olympic Games Ticket Prices,2018-07-23 00:21,media/thumb.jpg,The Tokyo Organising Committee of the Olympic and Pralympic DGmes (Toky)o 2020o today annouced an outline of ticket prices for the Olympic Games Tokyo 2020.
Tokyo 2020 Unveils Action-Packed Olympic Competition Schedule,2018-07-23 00:22,media/thumb.jpg,The International Olympic Committee (IOC) Executive Board today approved the competition schedule by session for the olympic Games Tokyo 2020.
Tokyo 2020 Mascots Debut Event on 22 July!,2018-07-23 00:23,media/thumb.jpg,It’s been six months since the Japanese children chosen the Tokyo 2020 Mascots but we still don’t know how to call them.
Tokyo 2020 Mascots MIRAITOWA and DOMEITY have finally Debut,2018-07-23 00:24,media/thumb.jpg,The mascots of the Olympic and Paralympic Games Tokyo 2020 greeted the Japanese public for the first time at their naming ceremony on 22 July 2018.
Tokyo 2020 Announces Outline of Olympic Games Ticket Prices,2018-07-23 00:25,media/thumb.jpg,The Tokyo Organising Committee of the Olympic and Pralympic DGmes (Toky)o 2020o today annouced an outline of ticket prices for the Olympic Games Tokyo 2020.
Tokyo 2020 Unveils Action-Packed Olympic Competition Schedule,2018-07-23 00:26,media/thumb.jpg,The International Olympic Committee (IOC) Executive Board today approved the competition schedule by session for the olympic Games Tokyo 2020.
Tokyo 2020 Mascots Debut Event on 22 July!,2018-07-23 00:27,media/thumb.jpg,It’s been six months since the Japanese children chosen the Tokyo 2020 Mascots but we still don’t know how to call them.
Tokyo 2020 Mascots MIRAITOWA and DOMEITY have finally Debut,2018-07-23 00:28,media/thumb.jpg,The mascots of the Olympic and Paralympic Games Tokyo 2020 greeted the Japanese public for the first time at their naming ceremony on 22 July 2018.
Tokyo 2020 Announces Outline of Olympic Games Ticket Prices,2018-07-23 00:29,media/thumb.jpg,The Tokyo Organising Committee of the Olympic and Pralympic DGmes (Toky)o 2020o today annouced an outline of ticket prices for the Olympic Games Tokyo 2020.
Tokyo 2020 Unveils Action-Packed Olympic Competition Schedule,2018-07-23 00:30,media/thumb.jpg,The International Olympic Committee (IOC) Executive Board today approved the competition schedule by session for the olympic Games Tokyo 2020.
Tokyo 2020 Mascots Debut Event on 22 July!,2018-07-23 00:31,media/thumb.jpg,It’s been six months since the Japanese children chosen the Tokyo 2020 Mascots but we still don’t know how to call them.
Tokyo 2020 Mascots MIRAITOWA and DOMEITY have finally Debut,2018-07-23 00:32,media/thumb.jpg,The mascots of the Olympic and Paralympic Games Tokyo 2020 greeted the Japanese public for the first time at their naming ceremony on 22 July 2018.
Tokyo 2020 Announces Outline of Olympic Games Ticket Prices,2018-07-23 00:33,media/thumb.jpg,The Tokyo Organising Committee of the Olympic and Pralympic DGmes (Toky)o 2020o today annouced an outline of ticket prices for the Olympic Games Tokyo 2020.
Tokyo 2020 Unveils Action-Packed Olympic Competition Schedule,2018-07-23 00:34,media/thumb.jpg,The International Olympic Committee (IOC) Executive Board today approved the competition schedule by session for the olympic Games Tokyo 2020.
Tokyo 2020 Mascots Debut Event on 22 July!,2018-07-23 00:35,media/thumb.jpg,It’s been six months since the Japanese children chosen the Tokyo 2020 Mascots but we still don’t know how to call them.
Tokyo 2020 Mascots MIRAITOWA and DOMEITY have finally Debut,2018-07-23 00:36,media/thumb.jpg,The mascots of the Olympic and Paralympic Games Tokyo 2020 greeted the Japanese public for the first time at their naming ceremony on 22 July 2018.
Tokyo 2020 Announces Outline of Olympic Games Ticket Prices,2018-07-23 00:37,media/thumb.jpg,The Tokyo Organising Committee of the Olympic and Pralympic DGmes (Toky)o 2020o today annouced an outline of ticket prices for the Olympic Games Tokyo 2020.
Tokyo 2020 Unveils Action-Packed Olympic Competition Schedule,2018-07-23 00:38,media/thumb.jpg,The International Olympic Committee (IOC) Executive Board today approved the competition schedule by session for the olympic Games Tokyo 2020.
Tokyo 2020 Mascots Debut Event on 22 July!,2018-07-23 00:39,media/thumb.jpg,It’s been six months since the Japanese children chosen the Tokyo 2020 Mascots but we still don’t know how to call them.
